Date,2Y,10Y
2023-10-02,0.055,0.779
2023-10-03,0.051,0.764
2023-10-04,0.061,0.808
2023-10-05,0.061,0.803
2023-10-06,0.061,0.802
2023-10-10,0.058,0.776
2023-10-11,0.058,0.776
2023-10-12,0.047,0.756
2023-10-13,0.044,0.765
2023-10-16,0.043,0.757
2023-10-17,0.059,0.787
2023-10-18,0.07,0.811
2023-10-19,0.081,0.845
2023-10-20,0.075,0.841
2023-10-23,0.087,0.865
2023-10-24,0.082,0.846
2023-10-25,0.077,0.856
2023-10-26,0.093,0.884
2023-10-27,0.094,0.875
2023-10-30,0.119,0.895
2023-10-31,0.149,0.952
2023-11-01,0.155,0.959
2023-11-02,0.135,0.92
2023-11-06,0.127,0.876
2023-11-07,0.127,0.882
2023-11-08,0.117,0.852
2023-11-09,0.107,0.843
2023-11-10,0.108,0.859
2023-11-13,0.103,0.879
2023-11-14,0.093,0.86
2023-11-15,0.069,0.807
2023-11-16,0.057,0.798
2023-11-17,0.046,0.765
2023-11-20,0.046,0.756
2023-11-21,0.036,0.712
2023-11-22,0.052,0.742
2023-11-24,0.068,0.786
2023-11-27,0.068,0.787
2023-11-28,0.065,0.768
2023-11-29,0.048,0.695
2023-11-30,0.049,0.691
2023-12-01,0.04,0.72
2023-12-04,0.031,0.712
2023-12-05,0.036,0.687
2023-12-06,0.036,0.667
2023-12-07,0.087,0.771
2023-12-08,0.092,0.791
2023-12-11,0.088,0.798
2023-12-12,0.067,0.758
2023-12-13,0.048,0.709
2023-12-14,0.057,0.693
2023-12-15,0.087,0.728
2023-12-18,0.079,0.689
2023-12-19,0.068,0.663
2023-12-20,0.033,0.581
2023-12-21,0.037,0.61
2023-12-22,0.046,0.651
2023-12-25,0.038,0.637
2023-12-26,0.065,0.657
2023-12-27,0.05,0.624
2023-12-28,0.037,0.616
2023-12-29,0.048,0.647
2024-01-04,0.05,0.649
2024-01-05,0.035,0.634
2024-01-09,0.025,0.614
2024-01-10,0.025,0.621
2024-01-11,0.015,0.605
2024-01-12,0.005,0.591
2024-01-15,-0.001,0.563
2024-01-16,0.02,0.596
2024-01-17,0.025,0.612
2024-01-18,0.036,0.656
2024-01-19,0.031,0.671
2024-01-22,0.025,0.657
2024-01-23,0.025,0.643
2024-01-24,0.07,0.721
2024-01-25,0.067,0.75
2024-01-26,0.052,0.721
2024-01-29,0.063,0.727
2024-01-30,0.074,0.714
2024-01-31,0.094,0.737
2024-02-01,0.085,0.699
2024-02-02,0.1,0.667
2024-02-05,0.111,0.725
2024-02-06,0.106,0.725
2024-02-07,0.101,0.714
2024-02-08,0.101,0.706
2024-02-09,0.116,0.731
2024-02-13,0.128,0.736
2024-02-14,0.143,0.764
2024-02-15,0.137,0.736
2024-02-16,0.143,0.737
2024-02-19,0.15,0.738
2024-02-20,0.151,0.742
2024-02-21,0.155,0.732
2024-02-22,0.158,0.727
2024-02-26,0.159,0.699
2024-02-27,0.173,0.704
2024-02-28,0.166,0.709
2024-02-29,0.19,0.724
2024-03-01,0.18,0.728
2024-03-04,0.176,0.725
2024-03-05,0.175,0.714
2024-03-06,0.186,0.725
2024-03-07,0.191,0.741
2024-03-08,0.202,0.746
2024-03-11,0.202,0.777
2024-03-12,0.197,0.783
2024-03-13,0.197,0.773
2024-03-14,0.198,0.792
2024-03-15,0.193,0.802
2024-03-18,0.188,0.774
2024-03-19,0.178,0.744
2024-03-21,0.205,0.762
2024-03-22,0.206,0.762
2024-03-25,0.206,0.752
2024-03-26,0.207,0.757
2024-03-27,0.204,0.738
2024-03-28,0.196,0.73
2024-03-29,0.189,0.75
2024-04-01,0.195,0.765
2024-04-02,0.2,0.77
2024-04-03,0.191,0.77
2024-04-04,0.196,0.78
2024-04-05,0.211,0.771
2024-04-08,0.228,0.792
2024-04-09,0.223,0.786
2024-04-10,0.233,0.801
2024-04-11,0.27,0.854
2024-04-12,0.281,0.864
2024-04-15,0.275,0.864
2024-04-16,0.281,0.87
2024-04-17,0.288,0.889
2024-04-18,0.278,0.871
2024-04-19,0.263,0.837
2024-04-22,0.29,0.885
2024-04-23,0.297,0.886
2024-04-24,0.298,0.891
2024-04-25,0.298,0.896
2024-04-26,0.298,0.925
2024-04-30,0.275,0.879
2024-05-01,0.29,0.898
2024-05-02,0.29,0.908
2024-05-07,0.282,0.881
2024-05-08,0.288,0.887
2024-05-09,0.313,0.916
2024-05-10,0.319,0.917
2024-05-13,0.335,0.946
2024-05-14,0.346,0.969
2024-05-15,0.341,0.962
2024-05-16,0.326,0.934
2024-05-17,0.337,0.957
2024-05-20,0.349,0.987
2024-05-21,0.349,0.992
2024-05-22,0.356,1.007
2024-05-23,0.345,1.011
2024-05-24,0.345,1.016
2024-05-27,0.357,1.031
2024-05-28,0.357,1.047
2024-05-29,0.387,1.084
2024-05-30,0.399,1.066
2024-05-31,0.399,1.08
2024-06-03,0.401,1.071
2024-06-04,0.386,1.043
2024-06-05,0.356,1.014
2024-06-06,0.336,0.972
2024-06-07,0.351,0.986
2024-06-10,0.383,1.045
2024-06-11,0.372,1.035
2024-06-12,0.343,1.0
2024-06-13,0.332,0.982
2024-06-14,0.302,0.95
2024-06-17,0.291,0.947
2024-06-18,0.288,0.963
2024-06-19,0.286,0.955
2024-06-20,0.292,0.973
2024-06-21,0.313,0.999
2024-06-24,0.309,1.01
2024-06-25,0.306,1.02
2024-06-26,0.312,1.044
2024-06-27,0.372,1.092
2024-06-28,0.353,1.062
2024-07-01,0.36,1.083
2024-07-02,0.365,1.104
2024-07-03,0.35,1.1
2024-07-04,0.34,1.086
2024-07-05,0.346,1.072
2024-07-08,0.362,1.092
2024-07-09,0.353,1.079
2024-07-10,0.343,1.093
2024-07-11,0.343,1.089
2024-07-12,0.333,1.055
2024-07-16,0.32,1.032
2024-07-17,0.33,1.042
2024-07-18,0.347,1.047
2024-07-19,0.352,1.053
2024-07-22,0.348,1.063
2024-07-23,0.362,1.073
2024-07-24,0.379,1.084
2024-07-25,0.403,1.078
2024-07-26,0.408,1.068
2024-07-29,0.394,1.041
2024-07-30,0.374,1.012
2024-07-31,0.45,1.07
2024-08-01,0.46,1.046
2024-08-02,0.41,0.974
2024-08-05,0.265,0.781
2024-08-06,0.29,0.908
2024-08-07,0.27,0.899
2024-08-08,0.269,0.855
2024-08-09,0.301,0.881
2024-08-13,0.3,0.869
2024-08-14,0.296,0.833
2024-08-15,0.321,0.861
2024-08-16,0.357,0.898
2024-08-19,0.374,0.914
2024-08-20,0.363,0.916
2024-08-21,0.352,0.896
2024-08-22,0.363,0.9
2024-08-23,0.372,0.919
2024-08-26,0.364,0.91
2024-08-27,0.367,0.906
2024-08-28,0.38,0.921
2024-08-29,0.368,0.917
2024-08-30,0.363,0.922
2024-09-02,0.37,0.936
2024-09-03,0.39,0.952
2024-09-04,0.375,0.917
2024-09-05,0.375,0.904
2024-09-06,0.38,0.88
2024-09-09,0.396,0.925
2024-09-10,0.396,0.926
2024-09-11,0.38,0.886
2024-09-12,0.391,0.896
2024-09-13,0.392,0.878
2024-09-17,0.387,0.863
2024-09-18,0.38,0.86
2024-09-19,0.389,0.889
2024-09-20,0.395,0.898
2024-09-24,0.35,0.848
2024-09-25,0.355,0.852
2024-09-26,0.349,0.872
2024-09-27,0.323,0.849
2024-09-30,0.394,0.894
2024-10-01,0.39,0.894
2024-10-02,0.365,0.859
2024-10-03,0.365,0.867
2024-10-04,0.37,0.886
2024-10-07,0.407,0.926
2024-10-08,0.402,0.926
2024-10-09,0.402,0.936
2024-10-10,0.412,0.96
2024-10-11,0.412,0.95
2024-10-15,0.423,0.976
2024-10-16,0.423,0.957
2024-10-17,0.434,0.967
2024-10-18,0.438,0.972
2024-10-21,0.433,0.963
2024-10-22,0.454,0.983
2024-10-23,0.449,0.983
2024-10-24,0.449,0.964
2024-10-25,0.449,0.955
2024-10-28,0.461,0.981
2024-10-29,0.453,0.981
2024-10-30,0.443,0.961
2024-10-31,0.434,0.947
2024-11-01,0.465,0.952
2024-11-05,0.455,0.944
2024-11-06,0.48,0.993
2024-11-07,0.501,1.016
2024-11-08,0.501,1.011
2024-11-11,0.501,1.009
2024-11-12,0.501,1.019
2024-11-13,0.527,1.053
2024-11-14,0.532,1.069
2024-11-15,0.552,1.082
2024-11-18,0.553,1.083
2024-11-19,0.554,1.078
2024-11-20,0.554,1.077
2024-11-21,0.58,1.106
2024-11-22,0.59,1.092
2024-11-25,0.59,1.084
2024-11-26,0.592,1.074
2024-11-27,0.596,1.083
2024-11-28,0.581,1.065
2024-11-29,0.599,1.064
2024-12-02,0.62,1.091
2024-12-03,0.61,1.091
2024-12-04,0.585,1.068
2024-12-05,0.6,1.082
2024-12-06,0.59,1.068
2024-12-09,0.575,1.054
2024-12-10,0.585,1.078
2024-12-11,0.591,1.083
2024-12-12,0.579,1.065
2024-12-13,0.564,1.055
2024-12-16,0.585,1.084
2024-12-17,0.595,1.094
2024-12-18,0.589,1.079
2024-12-19,0.606,1.097
2024-12-20,0.576,1.07
2024-12-23,0.588,1.081
2024-12-24,0.588,1.086
2024-12-25,0.588,1.086
2024-12-26,0.602,1.103
2024-12-27,0.602,1.119
2024-12-30,0.599,1.111
2025-01-06,0.626,1.145
2025-01-07,0.632,1.148
2025-01-08,0.648,1.182
2025-01-09,0.643,1.178
2025-01-10,0.649,1.202
2025-01-14,0.687,1.246
2025-01-15,0.707,1.255
2025-01-16,0.698,1.207
2025-01-17,0.693,1.207
2025-01-20,0.683,1.199
2025-01-21,0.677,1.194
2025-01-22,0.698,1.205
2025-01-23,0.704,1.215
2025-01-24,0.718,1.238
2025-01-27,0.705,1.225
2025-01-28,0.695,1.201
2025-01-29,0.704,1.201
2025-01-30,0.718,1.221
2025-01-31,0.729,1.25
2025-02-03,0.72,1.254
2025-02-04,0.741,1.282
2025-02-05,0.756,1.289
2025-02-06,0.762,1.27
2025-02-07,0.798,1.307
2025-02-10,0.798,1.318
2025-02-12,0.799,1.346
2025-02-13,0.794,1.357
2025-02-14,0.794,1.357
2025-02-17,0.809,1.39
2025-02-18,0.827,1.432
2025-02-19,0.82,1.432
2025-02-20,0.821,1.441
2025-02-21,0.818,1.427
2025-02-25,0.803,1.387
2025-02-26,0.801,1.373
2025-02-27,0.826,1.398
2025-02-28,0.806,1.378
2025-03-03,0.825,1.412
2025-03-04,0.831,1.428
2025-03-05,0.831,1.448
2025-03-06,0.852,1.517
2025-03-07,0.848,1.523
2025-03-10,0.875,1.575
2025-03-11,0.834,1.511
2025-03-12,0.85,1.527
2025-03-13,0.861,1.549
2025-03-14,0.84,1.522
2025-03-17,0.811,1.513
2025-03-18,0.815,1.507
2025-03-19,0.842,1.52
2025-03-21,0.854,1.527
2025-03-24,0.871,1.549
2025-03-25,0.887,1.578
2025-03-26,0.892,1.583
2025-03-27,0.893,1.588
2025-03-28,0.877,1.551
2025-03-31,0.854,1.497
2025-04-01,0.855,1.511
2025-04-02,0.834,1.481
2025-04-03,0.754,1.366
2025-04-04,0.612,1.176
2025-04-07,0.586,1.129
2025-04-08,0.647,1.268
2025-04-09,0.611,1.284
2025-04-10,0.676,1.379
2025-04-11,0.611,1.357
2025-04-14,0.589,1.35
2025-04-15,0.646,1.377
2025-04-16,0.615,1.305
2025-04-17,0.65,1.32
2025-04-18,0.636,1.302
2025-04-21,0.649,1.302
2025-04-22,0.67,1.323
2025-04-23,0.684,1.34
2025-04-24,0.679,1.328
2025-04-25,0.689,1.347
2025-04-28,0.686,1.329
2025-04-30,0.676,1.33
2025-05-01,0.629,1.291
2025-05-02,0.609,1.283
2025-05-07,0.609,1.318
2025-05-08,0.619,1.343
2025-05-09,0.634,1.37
2025-05-12,0.66,1.405
2025-05-13,0.718,1.46
2025-05-14,0.706,1.466
2025-05-15,0.717,1.489
2025-05-16,0.707,1.466
2025-05-19,0.718,1.494
2025-05-20,0.728,1.53
2025-05-21,0.72,1.53
2025-05-22,0.737,1.573
2025-05-23,0.731,1.559
2025-05-26,0.728,1.522
2025-05-27,0.739,1.479
2025-05-28,0.753,1.531
2025-05-29,0.758,1.532
2025-05-30,0.75,1.518
2025-06-02,0.755,1.523
2025-06-03,0.755,1.499
2025-06-04,0.765,1.518
2025-06-05,0.755,1.481
2025-06-06,0.76,1.477
2025-06-09,0.775,1.491
2025-06-10,0.771,1.498
2025-06-11,0.756,1.48
2025-06-12,0.756,1.48
2025-06-13,0.736,1.429
2025-06-16,0.758,1.477
2025-06-17,0.769,1.498
2025-06-18,0.755,1.479
2025-06-19,0.728,1.439
2025-06-20,0.728,1.424
2025-06-23,0.738,1.437
2025-06-24,0.738,1.445
2025-06-25,0.724,1.426
2025-06-26,0.735,1.445
2025-06-27,0.74,1.459
2025-06-30,0.746,1.462
2025-07-01,0.735,1.419
2025-07-02,0.741,1.434
2025-07-03,0.746,1.448
2025-07-04,0.736,1.444
2025-07-07,0.732,1.463
2025-07-08,0.733,1.492
2025-07-09,0.754,1.507
2025-07-10,0.76,1.498
2025-07-11,0.764,1.507
2025-07-14,0.781,1.574
2025-07-15,0.792,1.588
2025-07-16,0.793,1.575
2025-07-17,0.788,1.561
2025-07-18,0.772,1.528
2025-07-22,0.76,1.51
2025-07-23,0.838,1.596
2025-07-24,0.854,1.605
2025-07-25,0.863,1.605
2025-07-28,0.849,1.571
2025-07-29,0.835,1.564
2025-07-30,0.826,1.565
2025-07-31,0.826,1.559
2025-08-01,0.814,1.56
2025-08-04,0.764,1.52
2025-08-05,0.754,1.487
2025-08-06,0.774,1.509
2025-08-07,0.77,1.5
2025-08-08,0.77,1.502
2025-08-12,0.775,1.516
2025-08-13,0.785,1.53
2025-08-14,0.822,1.563
2025-08-15,0.826,1.574
2025-08-18,0.833,1.584
2025-08-19,0.849,1.603
2025-08-20,0.858,1.617
2025-08-21,0.862,1.617
2025-08-22,0.873,1.626
2025-08-25,0.869,1.628
2025-08-26,0.874,1.631
2025-08-27,0.869,1.637
2025-08-28,0.871,1.628
2025-08-29,0.871,1.613
2025-09-01,0.88,1.633
2025-09-02,0.87,1.615
2025-09-03,0.87,1.643
2025-09-04,0.855,1.617
2025-09-05,0.841,1.59
2025-09-08,0.831,1.586
2025-09-09,0.842,1.58
2025-09-10,0.857,1.585
2025-09-11,0.862,1.594
2025-09-12,0.873,1.613
2025-09-16,0.884,1.623
2025-09-17,0.883,1.611
2025-09-18,0.888,1.615
2025-09-19,0.918,1.655
2025-09-22,0.935,1.669
2025-09-24,0.932,1.655
2025-09-25,0.936,1.659
2025-09-26,0.931,1.669
2025-09-29,0.931,1.657
2025-09-30,0.958,1.662
2025-10-01,0.954,1.663
2025-10-02,0.955,1.675
2025-10-03,0.945,1.667
2025-10-06,0.899,1.677
2025-10-07,0.909,1.682
2025-10-08,0.93,1.701
2025-10-09,0.93,1.697
2025-10-10,0.925,1.697
2025-10-14,0.895,1.67
2025-10-15,0.9,1.662
2025-10-16,0.92,1.663
2025-10-17,0.909,1.638
2025-10-20,0.95,1.676
2025-10-21,0.94,1.667
2025-10-22,0.929,1.663
2025-10-23,0.933,1.667
2025-10-24,0.932,1.667
2025-10-27,0.943,1.683
2025-10-28,0.94,1.654
2025-10-29,0.943,1.664
2025-10-30,0.929,1.66
2025-10-31,0.928,1.67
2025-11-04,0.945,1.684
2025-11-05,0.93,1.676
2025-11-06,0.941,1.694
2025-11-07,0.941,1.688
2025-11-10,0.948,1.712
2025-11-11,0.937,1.704
2025-11-12,0.942,1.7
2025-11-13,0.932,1.705
2025-11-14,0.932,1.714
2025-11-17,0.938,1.745
2025-11-18,0.928,1.759
2025-11-19,0.934,1.779
2025-11-20,0.965,1.824
2025-11-21,0.959,1.792
2025-11-25,0.975,1.811
2025-11-26,0.985,1.825
2025-11-27,0.977,1.807
2025-11-28,0.992,1.812
2025-12-01,1.02,1.881
2025-12-02,1.005,1.864
2025-12-03,1.016,1.897
2025-12-04,1.021,1.939
2025-12-05,1.052,1.951
2025-12-08,1.063,1.966
2025-12-09,1.069,1.962
2025-12-10,1.074,1.958
2025-12-11,1.054,1.933
2025-12-12,1.07,1.956
2025-12-15,1.071,1.961
2025-12-16,1.067,1.957
2025-12-17,1.077,1.98
2025-12-18,1.073,1.972
2025-12-19,1.101,2.021
2025-12-22,1.129,2.073
2025-12-23,1.111,2.039
2025-12-24,1.111,2.044
2025-12-25,1.147,2.042
2025-12-26,1.141,2.039
2025-12-29,1.15,2.052
2025-12-30,1.167,2.066
2026-01-05,1.194,2.111
2026-01-06,1.185,2.123
2026-01-07,1.17,2.124
2026-01-08,1.129,2.083
2026-01-09,1.151,2.096
2026-01-13,1.164,2.163
2026-01-14,1.186,2.182
2026-01-15,1.19,2.164
2026-01-16,1.205,2.182
2026-01-19,1.23,2.266
2026-01-20,1.22,2.33
2026-01-21,1.235,2.28
2026-01-22,1.224,2.239
2026-01-23,1.262,2.253
2026-01-26,1.277,2.236
2026-01-27,1.284,2.281
2026-01-28,1.257,2.237
2026-01-29,1.264,2.252
2026-01-30,1.251,2.247
2026-02-02,1.265,2.235
2026-02-03,1.286,2.258
2026-02-04,1.276,2.249
2026-02-05,1.276,2.231
2026-02-06,1.281,2.236
2026-02-09,1.313,2.289
2026-02-10,1.303,2.241
2026-02-12,1.305,2.238
2026-02-13,1.289,2.218
2026-02-16,1.275,2.22
2026-02-17,1.233,2.143
2026-02-18,1.242,2.152
2026-02-19,1.265,2.157
2026-02-20,1.26,2.125
2026-02-24,1.251,2.119
2026-02-25,1.224,2.154
2026-02-26,1.246,2.168
2026-02-27,1.25,2.132
2026-03-02,1.219,2.087
2026-03-03,1.25,2.148
2026-03-04,1.235,2.134
2026-03-05,1.256,2.175
2026-03-06,1.246,2.18
2026-03-09,1.242,2.205
2026-03-10,1.258,2.199
2026-03-11,1.253,2.178
2026-03-12,1.263,2.201
2026-03-13,1.289,2.255
2026-03-16,1.287,2.288
2026-03-17,1.28,2.279
2026-03-18,1.261,2.231
2026-03-19,1.277,2.273
2026-03-23,1.311,2.322
2026-03-24,1.311,2.282
2026-03-25,1.317,2.267
2026-03-26,1.348,2.286
2026-03-27,1.393,2.38
2026-03-30,1.369,2.368
2026-03-31,1.375,2.366
2026-04-01,1.349,2.315
2026-04-02,1.39,2.395
2026-04-03,1.391,2.386
2026-04-06,1.402,2.429
2026-04-07,1.387,2.411
2026-04-08,1.382,2.374
2026-04-09,1.394,2.397
2026-04-10,1.405,2.439
2026-04-13,1.401,2.467
2026-04-14,1.382,2.423
2026-04-15,1.382,2.414
2026-04-16,1.366,2.409
2026-04-17,1.372,2.428
2026-04-20,1.369,2.405
2026-04-21,1.359,2.392
2026-04-22,1.362,2.406
2026-04-23,1.365,2.429
2026-04-24,1.363,2.443
2026-04-27,1.375,2.477
2026-04-28,1.389,2.468
2026-04-30,1.402,2.52
2026-05-01,1.385,2.507
2026-05-07,1.372,2.485
2026-05-08,1.378,2.485
2026-05-11,1.395,2.527
2026-05-12,1.401,2.546
2026-05-13,1.401,2.587
2026-05-14,1.407,2.628
2026-05-15,1.413,2.691
2026-05-18,1.431,2.729
2026-05-19,1.452,2.783
2026-05-20,1.464,2.77
2026-05-21,1.453,2.748
2026-05-22,1.443,2.749
2026-05-25,1.42,2.686
2026-05-26,1.421,2.713
2026-05-27,1.399,2.687
2026-05-28,1.366,2.692
2026-05-29,1.393,2.657
2026-06-01,1.4,2.682
2026-06-02,1.38,2.577
2026-06-03,1.401,2.645
2026-06-04,1.417,2.671
2026-06-05,1.412,2.669
2026-06-08,1.42,2.715
2026-06-09,1.42,2.669
2026-06-10,1.426,2.681
2026-06-11,1.427,2.682
2026-06-12,1.417,2.643
2026-06-15,1.409,2.589
2026-06-16,1.414,2.655
2026-06-17,1.398,2.613
2026-06-18,1.4,2.628
2026-06-19,1.409,2.656
2026-06-22,1.415,2.677
2026-06-23,1.426,2.683
2026-06-24,1.432,2.674
2026-06-25,1.421,2.637
2026-06-26,1.409,2.611
2026-06-29,1.411,2.644
2026-06-30,1.382,2.69
2026-07-01,1.4,2.711
2026-07-02,1.395,2.778
2026-07-03,1.39,2.768
2026-07-06,1.396,2.823
2026-07-07,1.402,2.834
2026-07-08,1.433,2.856
2026-07-09,1.444,2.866
2026-07-10,1.434,2.761
2026-07-13,1.451,2.786
2026-07-14,1.435,2.713
2026-07-15,1.436,2.697
2026-07-16,1.44,2.719
2026-07-17,1.436,2.715
2026-07-21,1.441,2.731
2026-07-22,1.45,2.745
2026-07-23,1.499,2.776
2026-07-24,1.531,2.815
2026-07-27,1.513,2.778
2026-07-28,1.504,2.783
2026-07-29,1.488,2.757
2026-07-30,1.497,2.801
2026-07-31,1.507,2.801
2026-08-03,1.562,2.824
2026-08-04,1.568,2.848
2026-08-05,1.569,2.813
2026-08-06,1.565,2.773
2026-08-07,1.611,2.804
2026-08-10,1.618,2.815
2026-08-12,1.646,2.856
2026-08-13,1.651,2.873
2026-08-14,1.657,2.878
2026-08-17,1.696,2.919
2026-08-18,1.691,2.934
2026-08-19,1.681,2.894
2026-08-20,1.682,2.854
2026-08-21,1.682,2.882
2026-08-24,1.685,2.887
2026-08-25,1.684,2.897
2026-08-26,1.697,2.892
2026-08-27,1.696,2.897
2026-08-28,1.719,2.93
2026-08-31,1.743,2.943
2026-09-01,1.802,2.987
2026-09-02,1.854,3.006
2026-09-03,1.85,2.966
2026-09-04,1.83,2.91
2026-09-07,1.852,2.935
2026-09-08,1.848,2.896
2026-09-09,1.833,2.891
2026-09-10,1.823,2.92
2026-09-11,1.844,2.987
2026-09-14,1.841,2.988
2026-09-15,1.861,3.028
2026-09-16,1.852,2.998
2026-09-17,1.868,2.993
2026-09-18,1.849,2.981
2026-09-24,1.912,3.073
2026-09-25,1.948,3.071
2026-09-28,1.981,3.082
2026-09-29,1.976,3.082
2026-09-30,1.952,3.057
2026-10-01,1.939,3.092
2026-10-02,1.919,3.097
2026-10-05,1.909,3.085
