Date,Decision,Change (bp),Policy rate after,USDJPY pre %,USDJPY day %,USDJPY 5d %,USDJPY follow %,USDJPY day z,JGB2y pre bp,JGB2y day bp,JGB10y day bp,JGB10y 5d bp,JGB10y follow bp,JGB10y day z,Yen on the day
2024-03-19,Hike,10,0-0.1%,-0.8707790481255029,1.0728894253335897,1.5355729900087045,0.45777217541298487,2.7234453645272776,1.200000000000001,-1.0000000000000009,-3.0000000000000027,-1.7000000000000015,1.3000000000000012,-2.061803771304069,weaker
2024-04-26,Hold,0,0-0.1%,1.520987009595931,1.3503086419752952,-1.1252572016460904,-2.4425834284989123,5.527292460323786,2.799999999999997,0.0,2.9000000000000026,-1.5000000000000013,-4.400000000000004,1.4798797696306807,weaker
2024-06-14,Hold,0,0-0.1%,0.08938262146460652,0.325317343879572,1.70951074822987,1.3797049847405818,0.6805851675539044,-6.7,-3.0000000000000027,-3.200000000000003,-0.9000000000000008,2.300000000000002,-1.234291468139053,weaker
2024-07-31,Hike,15,0.25%,-3.0585861133884062,-2.1727816809784084,-5.601092896174853,-3.5044553797047406,-3.223850911476956,5.3999999999999995,7.600000000000001,5.800000000000005,-10.399999999999999,-16.200000000000003,3.4888785574434533,stronger
2024-09-20,Hold,0,0.25%,-0.3834623161123929,0.7138857782754915,1.2597984322508582,0.5420430854760294,1.203458585039163,1.4000000000000012,0.6000000000000005,0.9000000000000008,-4.0000000000000036,-4.900000000000004,0.43100752063574505,weaker
2024-10-31,Hold,0,0.25%,2.2977756996860554,-0.5223636957231492,0.933725106105121,1.4637348211355539,-0.8834784796258592,2.0000000000000018,-0.9000000000000008,-1.4000000000000012,5.500000000000005,6.900000000000006,-0.7313422653406154,stronger
2024-12-19,Hold,0,0.25%,2.5436143294713,2.4220779220779143,2.6038961038961084,0.17751854434793213,3.611776896562009,0.40000000000000036,1.7000000000000015,1.8000000000000016,0.7000000000000117,-1.0999999999999899,1.04439190738795,weaker
2025-01-24,Hike,25,0.5%,-1.4591624028804207,-0.26923076923076605,-1.0128205128205225,-0.7455971204525125,-0.6426369750624872,5.599999999999994,1.4000000000000012,2.299999999999991,0.6000000000000005,-1.6999999999999904,1.0983359991013246,stronger
2025-03-19,Hold,0,0.5%,0.4569585377326879,0.354538765134782,0.18730349856177497,-0.16664444740701612,0.6824549627016862,-1.6000000000000014,2.7000000000000024,1.3000000000000123,7.600000000000007,6.2999999999999945,0.40924201397623555,weaker
2025-05-01,Hold,0,0.5%,0.04910213243545236,1.9981771015915362,0.5889364088901283,-1.3816332141875165,2.286964956390517,3.0000000000000027,-4.700000000000005,-3.9000000000000146,4.0000000000000036,7.900000000000018,-0.5732132256230271,weaker
2025-06-17,Hold,0,0.5%,0.9666573269823342,0.6243929512973478,0.5272651588733357,-0.09652509652509078,0.9745415792200287,0.30000000000000027,1.100000000000001,2.0999999999999908,-4.0000000000000036,-6.099999999999994,0.696615783014999,weaker
2025-07-31,Hold,0,0.5%,0.6685575364667518,1.026363453411161,-1.2209029315086828,-2.2244355909694535,2.255918819249398,3.399999999999992,0.0,-0.6000000000000005,-5.600000000000005,-5.000000000000004,-0.20607794124469875,weaker
2025-09-19,Hold,0,0.5%,-0.4104151248065513,-0.12836103229293405,1.18902850966085,1.3190827301630126,-0.20982276653254253,1.8000000000000016,3.0000000000000027,4.0000000000000036,5.400000000000005,1.4000000000000012,2.7137976899596232,stronger
2025-10-30,Hold,0,0.5%,0.46293234574432685,1.487722993877938,1.4482259232440287,-0.038918077446958854,2.4101868040770444,4.299999999999993,-1.3999999999999901,-0.40000000000000036,3.0000000000000027,3.400000000000003,-0.24949270779993094,weaker
2025-12-19,Hike,25,0.75%,0.4067140090380894,1.2216292676654028,0.7072590497010145,-0.508162357873343,2.8754505708804388,5.200000000000005,2.8000000000000025,4.899999999999993,6.999999999999984,2.0999999999999908,1.9349428096942314,weaker
2026-01-23,Hold,0,0.75%,1.0400051043195413,-0.49886334933064713,-3.460469815610012,-2.97645490892936,-1.4390637629468992,5.400000000000005,3.8000000000000034,1.4000000000000234,1.29999999999999,-0.1000000000000334,0.37320031440075946,stronger
2026-03-19,Hold,0,0.75%,1.624928311986218,-0.808878856282913,-0.17557060446451445,0.638472722675254,-2.0280686068727696,2.59999999999998,1.6000000000000014,4.200000000000026,5.500000000000016,1.29999999999999,1.3224338132836633,stronger
2026-04-28,Hold,0,0.75%,-0.28170777513460976,0.1506685918764683,-1.305794462929244,-1.4542719237760848,0.41286007685281306,-2.6000000000000023,1.4000000000000012,-0.8999999999999897,0.8000000000000007,1.6999999999999904,-0.27541622668298765,weaker
2026-06-16,Hike,25,1.0%,0.33821871476888976,0.11860174781523902,0.8426966292135019,0.7232371095454937,0.97103426617698,0.9000000000000119,0.49999999999998934,6.599999999999984,8.800000000000008,2.200000000000024,1.5381490383328915,weaker
2026-07-31,Hold,0,1.0%,-1.8162787834010485,-0.1943939298927666,-0.6396187370665385,-0.4460919829102794,-0.2673913496478343,6.1000000000000165,0.9999999999999787,0.0,-2.8000000000000025,-2.8000000000000025,0.0,stronger
2026-09-18,Hike,25,1.25%,-1.851501983752124,0.654475457170367,1.9698427975617605,1.3068145598265968,1.0000747089753135,1.8000000000000016,-1.9000000000000128,-1.200000000000001,8.899999999999997,10.099999999999998,-0.38654726799695677,weaker
